Feature,Importance
client_type_mozilla,0.2292408203245633
is_bot_False,0.16963165344518186
unique_user_agents_per_ip,0.16396015066513062
is_bot_True,0.1444137732812478
requests_per_ip,0.12950829291969213
user_agent_length,0.07084737998780696
client_type_gobuster,0.03479969783317482
time_between_requests,0.01953036820395393
client_type_dirbuster,0.014053497405723234
client_type_chrome,0.013530722809745382
client_type_other,0.0034112497172585
client_type_python,0.003272522712448301
client_type_firefox,0.003053816816751494
client_type_safari,0.0007460538773217401
client_type_go-http-client,0.0
